ID,Name,Email,Date,URL
08,Callahan,urangel@espinoza-francis.net,2020-08-26,http://www.escobar.org/
26,Ferrell,xreese@hall-donovan.com,2020-04-27,https://tyler-pugh.info/
1,Andersen,haleybraun@blevins-sexton.com,2022-03-22,https://www.mack-bell.net/
04,Ponce,hohailey@anthony.com,2020-07-02,https://delacruz-freeman.org/
27,Mccormick,alvaradojesse@rangel-shields.com,2021-01-17,https://welch.info/
2,Lee,briangriffin@chang.org,2021-08-13,https://www.roberts.com/
3,Hoffman,bauergerald@morrison.com,2020-04-09,http://www.holt.com/
03,Wiggins,changkellie@howell.com,2021-04-02,http://carlson.com/
22,Payne,mayerjerome@hurst-graham.net,2020-11-26,https://www.glenn-snow.com/
4,Franco,kentryan@stone-oneill.com,2021-06-29,http://ruiz.com/
07,Hawkins,danielbuckley@hatfield.info,2021-05-02,https://www.newman.com/
02,Shaffer,gabrielaleach@rose.net,2021-04-07,https://www.hoffman-rubio.com/
01,Moran,cartermallory@chung.com,2020-02-28,https://hinton.info/
17,Hammond,lweeks@hooper.org,2022-03-03,https://bush-huynh.org/
5,Blackwell,calhounalisha@hardin.net,2021-03-30,https://barker-bishop.info/
6,Newton,ypayne@gaines.biz,2020-08-09,https://figueroa.com/
08,Archer,nwu@brady-chen.com,2021-05-21,http://www.callahan.net/
13,Griffin,harold11@mullen.org,2021-06-02,http://www.mclaughlin-hubbard.net/
7,Valencia,andrewsanders@marks.com,2021-04-17,http://www.myers.com/
04,Ramsey,amy99@booker.com,2020-12-30,http://www.larsen-floyd.biz/
09,Meadows,basschristian@faulkner.com,2020-01-01,https://chavez.com/
8,Brock,ldelacruz@spence.com,2021-06-27,https://www.norman.org/
04,Pope,hayleyritter@price.net,2020-05-19,http://www.moyer.com/
02,Stanton,yhebert@hays-rivera.com,2020-01-23,http://young.com/
11,Flynn,austinhobbs@briggs.com,2020-09-05,http://huerta-cordova.info/
26,Williamson,zramos@haney.org,2020-03-06,http://www.allison-clements.com/
9,Calderon,shelley82@jarvis.com,2021-06-17,http://www.larsen.org/
06,Walton,sharigriffin@cameron.com,2020-11-15,https://quinn.biz/
29,Mack,rpace@huynh.com,2021-03-01,http://www.macdonald-lyons.com/
10,Jacobson,emullins@simpson-christensen.com,2021-09-02,http://www.guerra-armstrong.com/
11,Harper,patricialeach@hernandez.biz,2020-07-06,http://www.barajas-hendrix.com/
05,Mayer,mindy15@fuentes.org,2020-07-15,http://perkins.com/
02,Owens,jake39@little.com,2022-01-02,https://mckee-hill.net/
12,Davies,mhudson@hardin.com,2021-03-09,https://www.bray.com/
04,Cruz,nlane@kane-pennington.com,2022-05-03,https://www.tran.net/
07,Hubbard,savannah10@simpson.com,2021-03-17,https://www.velazquez-wright.com/
13,Bennett,cristian16@hill-beard.com,2021-01-12,https://www.frederick.com/
02,Hansen,jasmineaustin@whitehead.info,2020-01-14,https://www.graves.info/
28,Foster,samuel97@wyatt.com,2020-10-29,https://www.schmitt.com/
14,Medina,karlgarrett@fischer.biz,2020-03-02,http://www.nicholson.org/
03,Santana,biancahenry@hernandez.org,2021-06-11,http://www.gates.net/
03,Moreno,marisa13@hickman.com,2022-02-12,https://www.gillespie.biz/
15,Bush,billymorris@lambert-irwin.com,2020-02-13,http://www.zhang.com/
03,Davenport,barry91@howe.info,2020-05-10,https://www.davenport.com/
30,Terry,kdavies@owen-humphrey.info,2021-01-04,http://www.grimes-summers.com/
16,Esparza,gregghendricks@conner-weiss.info,2020-09-24,http://harris.net/
08,Richard,alfredbradford@perry.com,2022-04-17,https://www.delacruz.com/
09,Moore,ngilmore@bush.net,2021-12-25,https://www.tyler.com/
17,Gillespie,vgilbert@romero.biz,2020-06-23,https://www.long-hickman.com/
05,Lin,dgould@graham-winters.com,2021-10-06,https://johns-sharp.com/
21,Thomas,fsuarez@cooper-montes.biz,2021-10-21,http://mcgrath.org/
06,Fischer,natasha83@delacruz-edwards.com,2020-01-26,https://spencer.com/
02,West,mbonilla@hampton.com,2020-01-22,https://www.lindsey.org/
18,Morton,basskaylee@lynn-gill.biz,2021-08-19,https://www.leblanc.com/
19,Guerra,lfaulkner@villanueva.com,2022-05-12,https://giles-newton.com/
04,Shelton,maystiffany@davidson.com,2022-04-21,https://richmond.com/
17,Meza,katie69@romero.net,2020-11-12,https://nolan.com/
20,Tapia,valerie35@olsen.com,2020-10-11,http://www.fernandez-fisher.com/
12,Powell,ivanhiggins@charles-estrada.com,2021-09-30,https://www.mcneil.com/
30,Irwin,xcallahan@cantu.com,2021-06-26,https://www.nguyen.com/
01,Hodge,melvindrake@friedman-bradley.com,2021-10-22,https://www.cain-allen.com/
01,Drake,carpentergary@vance-weeks.com,2022-03-03,https://www.snow.org/
21,Tran,duartejohnathan@pennington.com,2020-09-02,https://www.knight.net/
22,Webster,zbrock@blevins-payne.com,2020-03-10,http://www.rush.biz/
06,Mcclure,phelpsandres@hartman-cooper.org,2021-03-15,http://www.levine.com/
27,Wu,nataliefarley@richardson.com,2021-10-05,http://carrillo.com/
23,Bridges,daisyblair@walsh-holmes.org,2021-12-05,https://www.trevino.info/
05,Washington,thomasnicholas@blankenship-ford.com,2021-09-26,https://www.wagner.org/
19,Ayala,hburke@duke-mcmahon.com,2020-12-05,https://www.copeland.org/
24,Hooper,lonnielittle@hoffman-meadows.com,2020-03-15,http://moyer.com/
01,Robbins,qmcdaniel@cruz.net,2020-12-20,https://www.acevedo-macdonald.net/
23,Cobb,austinvang@glenn.com,2021-06-22,https://deleon.com/
25,Salas,shortfrederick@cobb.net,2020-01-12,https://www.roach.com/
09,Long,yolanda69@rosario.com,2022-01-09,http://www.blankenship.com/
05,Kemp,michaela80@russell.com,2020-07-21,http://www.terrell.com/
03,Horn,ashley39@garrison.com,2020-02-26,https://www.rodgers.biz/
06,Spears,alan50@hobbs.info,2021-09-13,https://valdez-li.org/
26,Ortiz,hsantos@lopez.info,2020-05-21,http://whitehead.info/
06,Ortega,robbinsgordon@dyer-kim.info,2021-09-29,http://barr-salas.org/
17,Cantu,meghanfernandez@patel-todd.com,2020-11-02,http://schaefer.com/
27,Pittman,gabrielarobbins@hawkins-bernard.com,2020-09-05,http://www.benson-keller.com/
28,Cowan,qlarson@berry.biz,2021-09-24,http://www.potts-conrad.com/
11,Chen,hmorgan@olson.com,2020-04-30,https://ibarra.com/
15,Stanley,charlottemercer@hensley.net,2020-12-12,http://watson-frye.org/
29,Gallegos,escobarisabella@harrell-santiago.info,2020-10-13,https://kirk-skinner.com/
03,Pruitt,jessica36@hart.com,2021-08-17,https://www.mccormick.biz/
01,Vaughan,ellen80@bonilla.com,2020-10-22,http://jefferson.com/
30,Bautista,chavezrandall@mckinney-stafford.net,2020-05-27,https://www.anthony.net/
09,Chase,gravesgrace@molina.org,2020-06-23,http://wise-mendez.com/
02,Hurley,hhuerta@morris-case.info,2021-04-25,https://zimmerman.com/
07,Huang,ydavid@potter.com,2022-05-16,http://sampson-marshall.biz/
06,Cummings,colealexander@turner.biz,2020-09-20,http://www.atkinson-may.com/
31,Jackson,carpenterkylie@chambers-frost.com,2021-02-11,http://henry.com/
32,Chapman,adrian55@gardner-gaines.com,2022-04-14,https://www.gutierrez-lloyd.com/
07,Cortez,bonillaalex@cervantes.org,2021-03-20,http://www.mayer.com/
15,Hendrix,maureen18@barr.org,2020-12-24,http://mccarty-meza.info/
33,Buchanan,ocole@sanders-lowery.net,2020-04-22,http://www.price.com/
01,Moore,spencerbright@powell.biz,2021-12-10,https://wall-reid.com/
02,Tanner,dawncoffey@barker.com,2022-05-15,https://newton-esparza.net/
34,Sims,anthonyzuniga@tucker.com,2021-07-27,http://moran.com/
03,Strong,carrillokenneth@bowman-montoya.com,2021-10-22,https://allison.info/
09,Mullins,mercedes11@floyd-hall.com,2021-07-24,https://bates-christian.biz/
05,Rush,dominguezparker@preston.net,2021-12-12,http://hill.com/
03,Hurst,vernonrush@harvey.com,2020-06-30,http://www.hurst-johnston.info/
35,Collier,samantha34@mccarthy.com,2020-04-11,https://hendrix-pittman.biz/
36,Sanchez,joconnor@cooley.com,2021-07-09,https://jones.com/
03,Manning,toddmcmahon@beard-lambert.com,2021-01-24,http://hurley.org/
17,Forbes,veronicablankenship@pace.com,2020-03-02,http://osborne.com/
01,Ryan,swarren@buck-roach.com,2020-06-24,https://frederick.com/
12,Short,garymelton@petersen-lam.org,2020-01-03,http://www.lawrence.biz/
37,Henry,mathisgloria@house-hamilton.org,2020-07-05,https://silva.com/
38,West,patrickfelicia@goodwin.org,2020-12-29,https://henson.net/
01,Gallagher,hortonmiguel@mays-rivers.org,2021-02-06,https://morse.org/
14,Wiley,preston76@house.com,2020-08-07,https://valencia.com/
10,Merritt,moneal@hudson.biz,2021-04-10,http://carpenter-estes.net/
29,Mejia,beckyshaw@bradley-booth.com,2021-07-23,http://cortez-cooper.com/
39,Alvarez,kanthony@osborne.com,2020-08-30,https://www.butler.info/
40,Berger,alexandraroy@juarez-kane.com,2020-05-23,http://james.org/
03,Daniel,ckhan@underwood.net,2020-03-25,https://www.chase.info/
02,Mueller,joe34@salazar.com,2022-05-13,https://www.duffy-coffey.biz/
06,Middleton,vernon36@browning.info,2021-06-28,http://parrish.com/
11,Fletcher,pammorales@james-benjamin.net,2021-03-17,http://werner.org/
41,Wong,paulcastaneda@burke.com,2021-09-29,http://www.archer.com/
02,Brock,sarahpotts@bradford.com,2020-05-07,https://alvarado.com/
12,Petersen,wwhite@perez.com,2021-09-12,https://www.kaufman-ho.com/
42,Fuller,orice@drake.com,2020-10-04,http://tapia-davis.com/
43,Klein,damon39@terrell.com,2020-02-13,http://www.drake.com/
02,Richards,watkinsevan@ward.biz,2021-12-20,https://www.rojas.net/
13,Fitzpatrick,meredith05@lawrence-shaw.com,2020-06-17,https://hale-montes.com/
05,Gregory,lacey04@cross.com,2021-10-28,http://www.nguyen-curry.com/
10,Mckay,travisfoley@brandt.com,2021-05-25,https://blake.net/
44,Rhodes,hmccarty@sharp.biz,2022-01-15,https://atkins.com/
45,Byrd,alisonsanders@durham.com,2020-04-26,https://www.mack.biz/
01,Miller,bjordan@small-black.com,2022-01-15,http://www.cordova.com/
04,Marsh,damonhowe@larsen.org,2021-07-15,https://newman.com/
09,Paul,tasha85@wilson.biz,2021-11-27,http://gray.com/
24,Oconnell,oneilldamon@spencer.com,2021-09-26,http://barr-faulkner.info/
46,Bradshaw,weaverclinton@zamora.org,2021-12-25,https://www.walton.biz/
47,Chase,xtapia@hensley.info,2022-04-25,https://patel.com/
04,Crawford,fenglish@warner.net,2021-11-18,https://www.wells-simon.info/
17,Vance,brendanbarrera@gill-thornton.info,2022-04-17,https://frey.com/
12,Sanford,peggy95@park.info,2021-05-18,https://www.donaldson-norman.com/
25,Singleton,kerriray@owen-stone.info,2021-10-29,http://www.singleton.com/
48,Sutton,nichole45@michael.org,2021-09-19,https://www.thompson.org/
06,Eaton,daltonrangel@prince.biz,2021-04-27,http://www.elliott-tyler.org/
23,Huff,vmyers@novak-delacruz.biz,2021-08-01,https://garner.net/
49,Pollard,weavermeagan@sampson.com,2020-03-02,https://fox.biz/
50,Hunter,hebertdarin@kidd.com,2020-03-22,http://www.small.com/
10,Miles,elizabethcopeland@morris-moss.info,2021-09-17,http://bautista.com/
06,May,cannonshirley@carson-dorsey.com,2021-09-08,https://www.brock.com/
10,Garza,dana05@hester.net,2021-01-23,http://www.larson.com/
21,Brown,willie99@snyder.com,2021-09-08,http://sloan.info/
51,Oconnell,lunakirsten@zimmerman-salinas.org,2020-06-15,https://howard-crawford.com/
01,Garrett,marthaguerra@anderson.com,2020-04-30,http://www.campos.org/
26,Bender,joanne07@pennington.com,2020-10-12,http://www.huffman.com/
52,Harrison,jerry26@hudson-acevedo.net,2020-10-31,http://curry.com/
53,Fowler,katie93@norris.biz,2020-08-27,https://www.whitehead.org/
01,Golden,gacosta@stephenson-tyler.biz,2020-03-31,http://www.best.com/
22,Lawson,madisoncarey@spence-beck.info,2020-10-31,https://hinton.com/
54,Vaughan,kari95@henry.org,2021-01-31,https://weber.net/
08,Hoover,tiffany09@perkins.com,2021-05-27,http://wilcox.com/
19,Boyle,davefarmer@neal-farrell.org,2022-01-13,http://www.walter.info/
55,Noble,lydiameyers@frederick.com,2020-06-24,http://www.escobar.com/
05,Molina,timothyrivera@wade-galloway.net,2020-09-18,https://www.bridges.biz/
12,Christian,harmonmadison@finley-clarke.net,2020-10-19,https://nash.info/
56,Estes,vincent58@norton.com,2021-02-08,https://www.mendez-duran.com/
04,Myers,brandibarker@peterson.net,2021-07-05,http://cantu.com/
21,Barker,lindsayrocha@preston.org,2021-07-03,http://www.orozco.biz/
57,Huerta,daniel75@hansen.com,2020-09-17,http://mitchell.com/
11,Knight,eschultz@salas.com,2020-08-05,https://vincent.com/
12,Booth,perry87@nichols.biz,2021-10-12,https://molina.com/
10,Guerra,frederickmisty@carpenter-nielsen.net,2021-01-25,http://palmer-chan.org/
11,Murillo,jodonnell@oliver.com,2021-05-18,http://www.medina.info/
58,Lawrence,ehampton@lopez-brandt.org,2021-03-16,https://www.butler.com/
59,Ewing,evansstuart@griffin.org,2021-12-16,http://mata.com/
09,Pacheco,kristina23@carr-arias.com,2020-05-05,https://galvan-lucero.org/
30,Browning,gabriellanorton@robertson.org,2021-04-17,http://www.pena.com/
06,Woods,lonnieguerra@cooke.com,2020-10-17,https://wallace.com/
26,Lopez,cowandeanna@house.com,2020-11-24,http://frye.com/
60,Small,reginahancock@walker.org,2021-01-17,http://haney.biz/
10,Kirk,jasmin18@juarez-richmond.com,2021-04-25,http://lam-villanueva.com/
22,Arellano,sandy44@thomas.com,2020-11-13,https://bradford.com/
61,Hayden,gravesalisha@harrell.info,2021-11-24,https://www.li.biz/
62,Bullock,bcole@stevens.com,2020-03-23,http://www.bernard-archer.info/
03,Leonard,jessica41@klein.biz,2020-10-19,http://www.meadows.org/
03,Mcfarland,guymorrow@romero-owen.com,2020-06-14,https://www.horne.com/
09,Steele,manuel95@holden-franklin.com,2020-09-27,http://www.maldonado.com/
02,Boone,yreyes@rowe.com,2020-01-29,https://li.com/
63,Moyer,russorussell@galloway.biz,2020-12-30,https://franklin.com/
03,Reese,craigwhitney@carrillo.info,2020-04-10,https://randolph.com/
10,Bullock,cwolf@arellano.com,2021-09-30,http://www.wise-horton.com/
64,Paul,bweaver@levy.info,2020-04-10,https://www.mccarty.biz/
03,Cardenas,wflynn@andersen.com,2021-03-10,https://www.anderson.com/
15,Velez,pcannon@choi.com,2021-04-17,http://www.pacheco.com/
65,Collins,luis12@buck.com,2020-11-06,http://flynn-cameron.info/
66,Harper,fieldskelly@blackburn.biz,2020-03-22,http://macias-duffy.com/
10,Serrano,vwhite@peterson-gould.com,2022-03-17,https://www.lambert-smith.biz/
05,Robbins,cuevasgeorge@navarro-mcmahon.com,2022-03-24,https://mccarthy.com/
67,Abbott,breanna32@mayer.net,2020-12-31,https://www.jordan-phelps.org/
12,Cantrell,kwarner@barrera.org,2021-09-04,http://powers-bird.com/
05,Washington,sharpgreg@rubio-garrison.org,2021-03-01,https://www.stone.com/
68,Suarez,usloan@harrington.com,2022-01-16,https://www.duncan.org/
09,Washington,ariana05@kelly-arellano.com,2021-01-10,http://www.conrad.com/
26,Hamilton,edward56@parks.biz,2020-10-02,http://jones.com/
69,Fletcher,gcollier@golden.com,2021-08-22,https://rhodes-hutchinson.org/
12,Morse,woodsdevin@maldonado.org,2020-05-17,https://www.wheeler-wong.com/
05,Pruitt,mcbridekylie@mcdowell-christensen.com,2020-10-21,http://johnson.net/
70,Peterson,rothkerry@atkins-porter.com,2021-08-04,http://www.miranda.info/
03,Pearson,jerrygates@garner.net,2022-01-13,https://burnett.com/
15,Meadows,jack76@compton.com,2021-09-09,https://www.hunter.com/
12,Dickson,kaitlinbooth@hurley.com,2020-08-17,https://www.rhodes.biz/
20,Shannon,hillterrance@gamble.info,2021-02-01,http://mccann.com/
71,Vasquez,mosleyross@lawrence.com,2021-01-28,http://www.weiss.com/
06,Oconnell,malik63@frazier-nichols.biz,2022-03-03,http://www.gray.org/
22,Walker,luceromaxwell@wong.biz,2021-01-15,http://hodge-ramirez.com/
72,Shah,luis82@sparks.com,2020-07-05,http://www.butler.biz/
01,Mitchell,lauren64@faulkner-hood.info,2020-12-05,http://mckee.com/
12,Schmidt,elutz@medina-garcia.com,2021-05-11,https://www.payne.com/
73,Simpson,knappalisha@franco.org,2020-03-01,http://www.robbins.biz/
01,Keith,yolanda40@rhodes.com,2020-05-03,http://www.murray-woodard.net/
09,Hoffman,xortiz@gates.com,2021-12-17,https://beltran.com/
74,Tyler,obates@bennett-nicholson.net,2020-10-26,https://freeman-maddox.com/
07,Ford,sabrinaerickson@wise.info,2020-09-10,http://odom.info/
21,Gates,xrollins@mcfarland.com,2020-02-11,https://www.hood-decker.com/
75,Gaines,yolanda53@thomas.info,2022-01-26,https://www.marshall.com/
76,Wilson,lucas94@barrera.com,2021-02-16,https://booth-guzman.info/
02,Jordan,wisediane@dean.com,2021-03-15,http://bowers-ashley.com/
26,Stafford,tonyaruiz@farmer.com,2020-03-27,http://www.hatfield.com/
77,Saunders,triciarichards@shelton.net,2021-03-30,http://www.hurley.com/
09,Barrera,philip88@carr.biz,2021-12-29,http://www.boyle-archer.net/
13,Bullock,josephchaney@roach-rocha.info,2021-07-13,https://www.huff.com/
78,Stuart,shanecuevas@terry.com,2020-10-01,http://rubio.com/
05,Lamb,aserrano@webb.org,2021-03-02,http://gordon.org/
21,Huang,ericksoncheyenne@taylor.com,2020-10-09,https://harris-houston.biz/
09,Hendricks,dorothy66@howe-kim.com,2022-05-10,https://suarez.com/
29,Ramos,oscar33@holden-morrow.com,2022-03-23,https://maynard-madden.net/
79,Carpenter,jacobskurt@dalton-small.com,2020-12-18,http://www.mathews.com/
11,Whitehead,iosborn@brady.com,2020-11-08,http://levine-francis.com/
02,Arnold,walterfrye@good-boyer.com,2020-04-12,http://christian.com/
80,Lawrence,samuelwelch@reid.net,2020-08-17,https://bush.com/
09,Moran,wcole@bell.info,2021-10-18,https://www.roth-haney.com/
05,Stephens,miguelmathis@crawford.info,2022-05-03,https://burnett.com/
81,Hale,romeroangie@cunningham.org,2021-01-26,https://www.jennings-mann.com/
09,Lee,vbooker@donovan-stokes.info,2021-12-09,https://greene-goodman.info/
24,Savage,cheyenne64@solomon.net,2021-04-29,http://terrell.biz/
82,Duffy,rmcfarland@shelton.com,2021-11-17,https://www.pearson-wallace.biz/
04,Serrano,tammyspence@day.org,2020-03-28,https://www.haley.info/
30,Rosales,joanna47@davidson.org,2020-05-07,https://www.cochran-cook.com/
83,Arellano,jeffrey24@douglas-landry.com,2021-05-01,http://www.hardin-duran.org/
84,Shea,burnettrebecca@brewer.info,2021-02-01,http://www.tyler-sosa.biz/
